value,lid
gov_cons_yoy,90906
gov_bal,89220
gdp_yoy,88616
eu_ir,144399
imp_nom_yoy,87285
inv_yoy,90950
unemp,88607
exp_gdp_share,90488
exp_gdp_yoy,90972
gov_rev_yoy,53447
ca_gdp,88720
cons_share,90334
emp,88599
imp_gdp_share,90510
pub_debt,140879
inv_share,90422
eu_hicp,77811
cons_yoy,90862
oil,101874
unemp_rate,74124
exp_nom_yoy,87248
loans_hh,89608
eu_hicp_yoy,77812
eu_gdp_yoy,144396
cpi,53476
gov_cons_share,90378
gov_exp_yoy,53449
ind_yoy,79763
ir,766
imp_gdp_yoy,90994
wages_yoy,59007
